{
    "genui": {
        "input": {
            "border": {
                "active": {
                    "value": {
                        "color": "{colors.gradient.500}",
                        "width": "1px",
                        "style": "solid"
                    },
                    "type": "border"
                },
                "resting": {
                    "value": {
                        "color": "{colors.accents.100.dark}",
                        "width": "1px",
                        "style": "solid"
                    },
                    "type": "border"
                }
            },
            "icon": {
                "fill": {
                    "default": {
                        "value": "{colors.alert.info.dark}",
                        "type": "color"
                    },
                    "resting": {
                        "value": "{colors.secondary.200.dark}",
                        "type": "color"
                    }
                }
            },
            "text": {
                "fontWeight": {
                    "value": "{fontWeight.sf-pro.0}",
                    "type": "fontWeights"
                },
                "fontSize": {
                    "value": "{fontSize.sm}",
                    "type": "fontSize"
                },
                "lineHeight": {
                    "value": "{lineHeight.1}",
                    "type": "dimension"
                },
                "letterSpacing": {
                    "value": "{letterSpacing.0}",
                    "type": "letterSpacing"
                },
                "resting": {
                    "value": "{colors.secondary.input.resting}",
                    "type": "color"
                },
                "active": {
                    "value": "{colors.secondary.100.dark}",
                    "type": "color"
                }
            },
            "borderRadius": {
                "value": "{border.rounded-3xl}",
                "type": "dimension"
            },
            "width": {
                "value": "{size.335}",
                "type": "dimension"
            },
            "height": {
                "value": "{spacing.11}",
                "type": "dimension"
            },
            "padding": {
                "horizontal": {
                    "value": "{spacing.3}",
                    "type": "dimension"
                },
                "vertical": {
                    "value": "{spacing.3}",
                    "type": "dimension"
                }
            }
        },
        "checkbox": {
            "border": {
                "deselected": {
                    "value": {
                        "color": "{colors.accents.100.dark}",
                        "width": "1px",
                        "style": "solid"
                    },
                    "type": "border"
                },
                "selected": {
                    "value": {
                        "color": "{colors.accents.300.dark}",
                        "width": "1px",
                        "style": "solid"
                    },
                    "type": "border"
                }
            },
            "label": {
                "fill": {
                    "value": "{colors.secondary.100.dark}",
                    "type": "color"
                },
                "padding-left": {
                    "value": "{spacing.2}",
                    "type": "dimension"
                }
            },
            "fill": {
                "selected": {
                    "value": "{colors.accents.300.dark}",
                    "type": "color"
                }
            },
            "text": {
                "fontWeight": {
                    "value": "{fontWeight.sf-pro.0}",
                    "type": "fontWeights"
                },
                "fontSize": {
                    "value": "{fontSize.md}",
                    "type": "fontSize"
                },
                "lineHeight": {
                    "value": "{lineHeight.2}",
                    "type": "dimension"
                },
                "letterSpacing": {
                    "value": "{letterSpacing.0}",
                    "type": "letterSpacing"
                }
            },
            "borderRadius": {
                "value": "{border.rounded-md}",
                "type": "dimension"
            },
            "width": {
                "value": "{sizing.6}",
                "type": "dimension"
            },
            "height": {
                "value": "{sizing.6}",
                "type": "dimension"
            }
        },
        "radio": {
            "border": {
                "deselected": {
                    "value": {
                        "color": "{colors.accents.100.dark}",
                        "width": "1px",
                        "style": "solid"
                    },
                    "type": "border"
                }
            },
            "fill": {
                "selected": {
                    "value": "{colors.accents.300.dark}",
                    "type": "color"
                }
            },
            "text": {
                "fontWeight": {
                    "value": "{fontWeight.sf-pro.0}",
                    "type": "fontWeights"
                },
                "fontSize": {
                    "value": "{fontSize.md}",
                    "type": "fontSize"
                },
                "lineHeight": {
                    "value": "{lineHeight.2}",
                    "type": "dimension"
                },
                "letterSpacing": {
                    "value": "{letterSpacing.0}",
                    "type": "letterSpacing"
                }
            },
            "borderRadius": {
                "value": "{border.rounded-full}",
                "type": "dimension"
            },
            "width": {
                "value": "{sizing.5}",
                "type": "dimension"
            },
            "height": {
                "value": "{sizing.5}",
                "type": "dimension"
            }
        },
        "button": {
            "border": {
                "default": {
                    "value": {
                        "color": "{colors.secondary.100.dark}",
                        "width": "1px",
                        "style": "solid"
                    },
                    "type": "border"
                }
            },
            "text": {
                "fill": {
                    "default": {
                        "value": "{colors.secondary.100.dark}",
                        "type": "color"
                    }
                },
                "fontWeight": {
                    "value": "{fontWeight.sf-pro.1}",
                    "type": "fontWeights"
                },
                "fontSize": {
                    "large": {
                        "value": "{fontSize.md}",
                        "type": "fontSize"
                    }
                },
                "lineHeight": {
                    "large": {
                        "value": "{lineHeight.1}",
                        "type": "dimension"
                    }
                }
            },
            "borderRadius": {
                "small": {
                    "value": "{border.rounded-lg}",
                    "type": "dimension"
                },
                "large": {
                    "value": "{border.rounded-2xl}",
                    "type": "dimension"
                }
            }
        },
        "modal": {
            "background": {
                "default": {
                    "value": "{colors.primary.100}",
                    "type": "color"
                }
            },
            "dropshadow": {
                "default": {
                    "value": "{shadows.shadow_6}",
                    "type": "boxShadow"
                }
            },
            "borderRadius_topLeft": {
                "value": "{border.rounded-2xl}",
                "type": "dimension"
            }
        }
    }
}
