{
  "input": {
    "border": {
      "default": {
        "value": "{colors.gradient.500}",
        "type": "color"
      },
      "resting": {
        "value": {
          "color": "{colors.accents.100.dark}",
          "width": "{borderWidth.1}",
          "style": "solid"
        },
        "type": "border"
      }
    },
    "icon": {
      "fill": {
        "default": {
          "value": "{colors.alert.info.dark}",
          "type": "color"
        },
        "resting": {
          "value": "{colors.secondary.200.dark}",
          "type": "color"
        }
      },
      "width": {
        "value": "{spacing.6}",
        "type": "dimension"
      },
      "height": {
        "value": "{spacing.6}",
        "type": "dimension"
      }
    },
    "background": {
      "default": {
        "value": "{colors.primary.100}",
        "type": "color"
      }
    },
    "cursor": {
      "fill": {
        "default": {
          "value": "{colors.alert.info.dark}",
          "type": "color"
        }
      }
    },
    "text": {
      "fontWeight": {
        "value": "{fontWeight.sf-pro.0}",
        "type": "fontWeights"
      },
      "fontSize": {
        "value": "{fontSize.sm}",
        "type": "fontSize"
      },
      "lineHeight": {
        "value": "{lineHeight.1}",
        "type": "dimension"
      },
      "letterSpacing": {
        "value": "{letterSpacing.0}",
        "type": "letterSpacing"
      }
    },
    "borderRadius": {
      "value": "{borderRadius.rounded-md}",
      "type": "dimension"
    },
    "width": {
      "value": "{size.335}",
      "type": "dimension"
    },
    "height": {
      "value": "{spacing.11}",
      "type": "dimension"
    },
    "padding": {
      "horizontal": {
        "value": "{spacing.3}",
        "type": "dimension"
      },
      "vertical": {
        "value": "{spacing.4}",
        "type": "dimension"
      }
    }
  },
  "checkbox": {
    "border": {
      "deselected": {
        "value": {
          "color": "{colors.accents.100.dark}",
          "width": "{borderWidth.1}",
          "style": "solid"
        },
        "type": "border"
      },
      "selected": {
        "value": {
          "color": "{colors.accents.300.dark}",
          "width": "{borderWidth.1}",
          "style": "solid"
        },
        "type": "border"
      }
    },
    "label": {
      "fill": {
        "value": "{colors.secondary.100.dark}",
        "type": "color"
      }
    },
    "fill": {
      "selected": {
        "value": "{colors.accents.300.dark}",
        "type": "color"
      }
    },
    "text": {
      "fontWeight": {
        "value": "{fontWeight.sf-pro.0}",
        "type": "fontWeights"
      },
      "fontSize": {
        "value": "{fontSize.md}",
        "type": "fontSize"
      },
      "lineHeight": {
        "value": "{lineHeight.2}",
        "type": "dimension"
      },
      "letterSpacing": {
        "value": "{letterSpacing.0}",
        "type": "letterSpacing"
      }
    },
    "borderRadius": {
      "value": "{borderRadius.rounded-md}",
      "type": "dimension"
    }
  },
  "radio": {
    "border": {
      "deselected": {
        "value": {
          "color": "{colors.accents.100.dark}",
          "width": "{borderWidth.1}",
          "style": "solid"
        },
        "type": "border"
      }
    },
    "fill": {
      "selected": {
        "value": "{colors.accents.300.dark}",
        "type": "color"
      }
    },
    "text": {
      "fontWeight": {
        "value": "{fontWeight.sf-pro.0}",
        "type": "fontWeights"
      },
      "fontSize": {
        "value": "{fontSize.md}",
        "type": "fontSize"
      },
      "lineHeight": {
        "value": "{lineHeight.2}",
        "type": "dimension"
      },
      "letterSpacing": {
        "value": "{letterSpacing.0}",
        "type": "letterSpacing"
      }
    },
    "borderRadius": {
      "value": "{borderRadius.rounded-full}",
      "type": "dimension"
    }
  },
  "textarea": {
    "border": {
      "default": {
        "value": "{colors.gradient.500}",
        "type": "color"
      }
    },
    "icon": {
      "fill": {
        "default": {
          "value": "{colors.alert.info.dark}",
          "type": "color"
        }
      },
      "width": {
        "value": "{spacing.6}",
        "type": "dimension"
      },
      "height": {
        "value": "{spacing.6}",
        "type": "dimension"
      }
    },
    "text": {
      "fontWeight": {
        "value": "{fontWeight.sf-pro.0}",
        "type": "fontWeights"
      },
      "fontSize": {
        "value": "{fontSize.sm}",
        "type": "fontSize"
      },
      "lineHeight": {
        "value": "{lineHeight.1}",
        "type": "dimension"
      },
      "letterSpacing": {
        "value": "{letterSpacing.0}",
        "type": "letterSpacing"
      }
    },
    "borderRadius": {
      "value": "{borderRadius.rounded-md}",
      "type": "dimension"
    },
    "width": {
      "value": "{size.335}",
      "type": "dimension"
    },
    "height": {
      "value": "{size.58}",
      "type": "dimension"
    },
    "padding": {
      "horizontal": {
        "value": "{spacing.3}",
        "type": "dimension"
      },
      "vertical": {
        "value": "{spacing.4}",
        "type": "dimension"
      }
    }
  },
  "card": {
    "border": {
      "large_outline": {
        "value": {
          "color": "{colors.gradient.500}",
          "width": "{borderWidth.1}",
          "style": "solid"
        },
        "type": "border"
      }
    },
    "background": {
      "default": {
        "value": "{colors.secondary.400.dark}",
        "type": "color"
      }
    },
    "fill": {
      "large": {
        "outline": {
          "value": "{colors.secondary.500.dark}",
          "type": "color"
        }
      }
    },
    "borderRadius": {
      "value": "{borderRadius.rounded-lg}",
      "type": "dimension"
    },
    "width_small": {
      "value": "{spacing.40}",
      "type": "dimension"
    },
    "width_large": {
      "value": "{size.335}",
      "type": "dimension"
    },
    "padding": {
      "vertical_large": {
        "value": "{spacing.3}",
        "type": "dimension"
      },
      "horizontal_large": {
        "value": "{spacing.4}",
        "type": "dimension"
      },
      "vertical_small": {
        "value": "{spacing.3}",
        "type": "dimension"
      },
      "horizontal_small": {
        "value": "{spacing.250}",
        "type": "dimension"
      }
    },
    "height_large": {
      "value": "{size.275}",
      "type": "dimension"
    },
    "height_small": {
      "value": "{spacing.16}",
      "type": "dimension"
    }
  },
  "button": {
    "border": {
      "default": {
        "value": {
          "color": "{colors.secondary.100.dark}",
          "width": "{borderWidth.1}",
          "style": "solid"
        },
        "type": "border"
      }
    },
    "text": {
      "fill": {
        "default": {
          "value": "{colors.secondary.100.dark}",
          "type": "color"
        }
      },
      "fontWeight": {
        "value": "{fontWeight.sf-pro.1}",
        "type": "fontWeights"
      },
      "fontSize_small": {
        "value": "{fontSize.sm}",
        "type": "fontSize"
      },
      "fontSize_large": {
        "value": "{fontSize.md}",
        "type": "fontSize"
      },
      "lineHeight_small": {
        "value": "{lineHeight.2}",
        "type": "dimension"
      },
      "lineHeight_large": {
        "value": "{lineHeight.1}",
        "type": "dimension"
      },
      "letterSpacing": {
        "value": "{letterSpacing.0}",
        "type": "letterSpacing"
      }
    },
    "icon": {
      "fill": {
        "default": {
          "value": "{colors.alert.info.dark}",
          "type": "color"
        }
      },
      "width": {
        "value": "{spacing.6}",
        "type": "dimension"
      },
      "height": {
        "value": "{spacing.6}",
        "type": "dimension"
      }
    },
    "borderRadius_small": {
      "value": "{borderRadius.rounded-lg}",
      "type": "dimension"
    },
    "borderRadius_large": {
      "value": "{borderRadius.rounded-2xl}",
      "type": "dimension"
    },
    "opacity": {
      "disabled": {
        "value": "{buttonDisabled}",
        "type": "opacity"
      }
    }
  },
  "divider": {
    "fill": {
      "default": {
        "value": "{colors.accents.100.dark}",
        "type": "color"
      }
    },
    "width": {
      "value": "{size.335}",
      "type": "dimension"
    },
    "height": {
      "value": "{spacing.025}",
      "type": "dimension"
    }
  },
  "cta": {
    "icon": {
      "fill": {
        "alt": {
          "value": "{colors.secondary.100.dark}",
          "type": "color"
        },
        "default": {
          "value": "{colors.alert.info.dark}",
          "type": "color"
        }
      },
      "width": {
        "value": "{spacing.6}",
        "type": "dimension"
      },
      "height": {
        "value": "{spacing.6}",
        "type": "dimension"
      }
    },
    "label": {
      "fill": {
        "value": "{colors.secondary.100.dark}",
        "type": "color"
      }
    },
    "text": {
      "fontWeight": {
        "value": "{fontWeight.sf-pro.1}",
        "type": "fontWeights"
      },
      "fontSize": {
        "value": "{fontSize.md}",
        "type": "fontSize"
      },
      "letterSpacing": {
        "value": "{letterSpacing.0}",
        "type": "letterSpacing"
      }
    }
  },
  "modal": {
    "icon": {
      "fill": {
        "value": "{colors.secondary.100.dark}",
        "type": "color"
      }
    },
    "background": {
      "default": {
        "value": "{colors.primary.100}",
        "type": "color"
      }
    },
    "dropshadow": {
      "default": {
        "value": "{shadows.shadow_6}",
        "type": "shadow"
      }
    },
    "borderRadius_topLeft": {
      "value": "{borderRadius.rounded-2xl}",
      "type": "dimension"
    },
    "borderRadius_bottomRight": {
      "value": "{borderRadius.none}",
      "type": "dimension"
    },
    "borderRadius_bottomLeft": {
      "value": "{borderRadius.none}",
      "type": "dimension"
    },
    "borderRadius_topRight": {
      "value": "{borderRadius.rounded-2xl}",
      "type": "dimension"
    },
    "width": {
      "value": "{size.375}",
      "type": "dimension"
    },
    "padding": {
      "horizontal": {
        "value": "{spacing.4}",
        "type": "dimension"
      },
      "vertical": {
        "value": "{spacing.4}",
        "type": "dimension"
      }
    },
    "height": {
      "value": "{size.280}",
      "type": "dimension"
    }
  },
  "overlay": {
    "width": {
      "value": "{size.375}",
      "type": "dimension"
    },
    "height": {
      "value": "{spacing.20}",
      "type": "dimension"
    }
  }
}
