{
  "global": {
    "fontSize": {
      "xs": { "value": "12px", "type": "fontSizes" },
      "sm": { "value": "14px", "type": "fontSizes" },
      "md": { "value": "16px", "type": "fontSizes" },
      "lg": { "value": "18px", "type": "fontSizes" },
      "xl": { "value": "22px", "type": "fontSizes" },
      "2xl": { "value": "26px", "type": "fontSizes" },
      "3xl": { "value": "32px", "type": "fontSizes" }
    },
    "borderRadius": {
      "none": { "value": "0", "type": "borderRadius" },
      "rounded-sm": { "value": "2px", "type": "borderRadius" },
      "rounded-md": { "value": "5px", "type": "borderRadius" },
      "rounded-lg": { "value": "10px", "type": "borderRadius" },
      "rounded-xl": { "value": "15px", "type": "borderRadius" },
      "rounded-2xl": { "value": "20px", "type": "borderRadius" },
      "rounded-3xl": { "value": "25px", "type": "borderRadius" },
      "rounded-full": { "value": "9999px", "type": "borderRadius" }
    },
    "shadows": {
      "1": { "value": "0px 8px 10px 0px rgba(0, 0, 0, 0.1)", "type": "dropShadow" },
      "2": { "value": "0px 4px 14px 0px rgba(0, 0, 0, 0.25)", "type": "dropShadow" },
      "3": { "value": "0px 5px 30px 0px rgba(9, 5, 31, 0.6)", "type": "dropShadow" },
      "4": { "value": "0px 5px 20px 0px rgba(0, 0, 0, 0.1)", "type": "boxShadow" },
      "5": { "value": "0px 5px 25px 0px rgba(9, 5, 31, 0.15)", "type": "boxShadow" },
      "6": { "value": "0px 5px 25px 0px rgba(9, 5, 31, 0.62)", "type": "boxShadow" }
    },
    "fontFamily": {
      "sf-pro": { "value": "SF Pro", "type": "fontFamilies" }
    },
    "fontWeight": {
      "regular": { "value": "400", "type": "fontWeights" },
      "semibold": { "value": "600", "type": "fontWeights" },
      "bold": { "value": "700", "type": "fontWeights" }
    },
    "lineHeight": {
      "0": { "value": "34px", "type": "lineHeights" },
      "1": { "value": "30px", "type": "lineHeights" },
      "2": { "value": "26px", "type": "lineHeights" },
      "3": { "value": "22px", "type": "lineHeights" },
      "4": { "value": "20px", "type": "lineHeights" },
      "5": { "value": "16px", "type": "lineHeights" },
      "6": { "value": "38px", "type": "lineHeights" },
      "7": { "value": "32px", "type": "lineHeights" },
      "8": { "value": "28px", "type": "lineHeights" },
      "9": { "value": "24px", "type": "lineHeights" }
    },
    "letterSpacing": {
      "0": { "value": "0%", "type": "letterSpacing" },
      "1": { "value": "10.4%", "type": "letterSpacing" },
      "2": { "value": "0", "type": "letterSpacing" }
    },
    "colors": {
      "primary": { "100": { "value": "#3a3a5e", "type": "color" } },
      "overlay": { "100": { "value": "rgba(2,2,5,0.6)", "type": "color" } },
      "secondary": {
        "100": {
          "dark": { "value": "#ffffff", "type": "color" },
          "light": { "value": "#f4f7fa", "type": "color" }
        },
        "200": {
          "dark": { "value": "#e4ebf4", "type": "color" },
          "light": { "value": "#252941", "type": "color" }
        },
        "300": { "dark": { "value": "#38619d", "type": "color" } },
        "400": { "dark": { "value": "#435a7f", "type": "color" } },
        "500": { "dark": { "value": "#252941", "type": "color" } }
      },
      "gradient": {
        "100": { "value": "linear-gradient(180deg, #3a3a5e 0%, #282844 50%, #0e152d 100%)", "type": "color" },
        "200": { "value": "linear-gradient(180deg, #435a7fbf 0%, #252941 100%)", "type": "color" },
        "300": { "value": "linear-gradient(180deg, #050a254d 0%, #050a2500 100%)", "type": "color" },
        "400": { "value": "linear-gradient(180deg, #050a251a 0%, #050a2500 100%)", "type": "color" },
        "500": { "value": "linear-gradient(180deg, #c78fff 0%, #38d7ff 100%)", "type": "color" },
        "600": { "value": "linear-gradient(143deg, #c78fff 0%, #ff84dd 100%)", "type": "color" }
      },
      "alert": {
        "success": {
          "dark": { "value": "#aae1d4", "type": "color" },
          "light": { "value": "#09955b", "type": "color" }
        },
        "info": {
          "dark": { "value": "#38d7ff", "type": "color" },
          "light": { "value": "#1d62d7", "type": "color" }
        },
        "pending": {
          "dark": { "value": "#f8d28f", "type": "color" },
          "light": { "value": "#a86500", "type": "color" }
        },
        "error": {
          "dark": { "value": "#f08b8a", "type": "color" },
          "light": { "value": "#cf413e", "type": "color" }
        }
      },
      "accents": {
        "100": {
          "dark": { "value": "#a4a8b6", "type": "color" },
          "light": { "value": "#6d7588", "type": "color" }
        },
        "200": {
          "dark": { "value": "#ff84dd", "type": "color" },
          "light": { "value": "#9e00ff", "type": "color" }
        },
        "300": {
          "dark": { "value": "#c78fff", "type": "color" },
          "light": { "value": "#c20098", "type": "color" }
        }
      }
    },
    "spacing": {
      "0": { "value": "0", "type": "spacing" },
      "100": { "value": "8px", "type": "spacing" },
      "125": { "value": "10px", "type": "spacing" },
      "150": { "value": "12px", "type": "spacing" },
      "200": { "value": "16px", "type": "spacing" },
      "250": { "value": "20px", "type": "spacing" },
      "300": { "value": "24px", "type": "spacing" },
      "400": { "value": "32px", "type": "spacing" },
      "500": { "value": "40px", "type": "spacing" },
      "600": { "value": "48px", "type": "spacing" },
      "700": { "value": "56px", "type": "spacing" },
      "800": { "value": "64px", "type": "spacing" },
      "1000": { "value": "80px", "type": "spacing" },
      "1600": { "value": "128px", "type": "spacing" },
      "025": { "value": "2px", "type": "spacing" },
      "050": { "value": "4px", "type": "spacing" }
    },
    "background": {
      "blur": { "value": "40px", "type": "dimension" }
    }
  }
}
