{
  "input": {
    "border": {
      "default": {
        "value": "{global.colors.gradient.500}",
        "type": "border"
      },
      "resting": {
        "value": { "color": "{global.colors.accents.100.dark}", "width": "1", "style": "solid" },
        "type": "border"
      }
    },
    "icon": {
      "fill": {
        "default": { "value": "{global.colors.alert.info.dark}", "type": "color" },
        "resting": { "value": "{global.colors.secondary.200.dark}", "type": "color" }
      }
    },
    "background": {
      "default": { "value": "{global.colors.primary.100}", "type": "color" }
    },
    "cursor": {
      "fill": {
        "default": { "value": "{global.colors.alert.info.dark}", "type": "color" }
      }
    },
    "text": {
      "fontWeight": { "value": "{global.fontWeight.regular}", "type": "fontWeights" },
      "fontSize": { "value": "{global.fontSize.sm}", "type": "fontSize" },
      "lineHeight": { "value": "{global.lineHeight.4}", "type": "dimensions" }
    },
    "borderRadius": { "value": "{global.borderRadius.rounded_md}", "type": "border" }
  },
  "checkbox": {
    "border": {
      "deselected": {
        "value": { "color": "{global.colors.accents.100.dark}", "width": "1", "style": "solid" },
        "type": "border"
      },
      "selected": {
        "value": { "color": "{global.colors.accents.300.dark}", "width": "1", "style": "solid" },
        "type": "border"
      }
    },
    "label": {
      "fill": { "value": "{global.colors.secondary.100.dark}", "type": "color" }
    },
    "fill": {
      "selected": { "value": "{global.colors.accents.300.dark}", "type": "color" }
    },
    "text": {
      "fontWeight": { "value": "{global.fontWeight.regular}", "type": "fontWeights" },
      "fontSize": { "value": "{global.fontSize.md}", "type": "fontSize" },
      "lineHeight": { "value": "{global.lineHeight.3}", "type": "dimension" }
    },
    "borderRadius": { "value": "{global.borderRadius.rounded_md}", "type": "dimension" }
  },
  "radio": {
    "border": {
      "deselected": {
        "value": { "color": "{global.colors.accents.100.dark}", "width": "1", "style": "solid" },
        "type": "border"
      }
    },
    "fill": {
      "selected": { "value": "{global.colors.accents.300.dark}", "type": "color" }
    },
    "text": {
      "fontWeight": { "value": "{global.fontWeight.regular}", "type": "fontWeights" },
      "fontSize": { "value": "{global.fontSize.md}", "type": "fontSize" },
      "lineHeight": { "value": "{global.lineHeight.3}", "type": "dimension" }
    },
    "borderRadius": { "value": "{global.borderRadius.rounded_full}", "type": "dimension" }
  },
  "textarea": {
    "border": {
      "default": {
        "value": "{global.colors.gradient.500}",
        "type": "border"
      }
    },
    "icon": {
      "fill": {
        "default": { "value": "{global.colors.alert.info.dark}", "type": "color" }
      }
    },
    "text": {
      "fontWeight": { "value": "{global.fontWeight.regular}", "type": "fontWeights" },
      "fontSize": { "value": "{global.fontSize.sm}", "type": "fontSize" },
      "lineHeight": { "value": "{global.lineHeight.4}", "type": "dimension" }
    },
    "borderRadius": {
      "borderRadius": { "value": "{global.borderRadius.rounded_md}", "type": "dimension" }
    }
  },
  "card": {
    "border": {
      "large": {
        "value": { "color": "{global.colors.gradient.500}", "width": "1", "style": "solid" },
        "type": "border"
      }
    },
    "background": {
      "default": { "value": "{global.colors.secondary.400.dark}", "type": "color" }
    },
    "fill": {
      "large_outline": { "value": "{global.colors.secondary.500.dark}", "type": "color" }
    },
    "borderRadius": { "value": "{global.borderRadius.rounded_lg}", "type": "dimension" }
  },
  "button": {
    "border": {
      "default": {
        "value": { "color": "{global.colors.secondary.100.dark}", "width": "1", "style": "solid" },
        "type": "border"
      }
    },
    "text": {
      "fill": { "default": { "value": "{global.colors.secondary.100.dark}", "type": "color" } },
      "fontWeight_small": { "value": "{global.fontWeight.semibold}", "type": "fontWeights" },
      "fontWeight_large": { "value": "{global.fontWeight.bold}", "type": "fontWeights" },
      "fontSize_small": { "value": "{global.fontSize.sm}", "type": "fontSize" },
      "fontSize_large": { "value": "{global.fontSize.md}", "type": "fontSize" },
      "lineHeight_small": { "value": "{global.lineHeight.3}", "type": "dimension" },
      "lineHeight_large": { "value": "{global.lineHeight.4}", "type": "dimension" }
    },
    "icon": {
      "fill": { "default": { "value": "{global.colors.alert.info.dark}", "type": "color" } }
    },
    "borderRadius_small": { "value": "{global.borderRadius.rounded_lg}", "type": "dimension" },
    "borderRadius_large": { "value": "{global.borderRadius.rounded_2xl}", "type": "dimension" }
  },
  "divider": {
    "fill_default": { "value": "{global.colors.accents.100.dark}", "type": "color" },
    "width_default": { "value": "1", "type": "borderWidth" }
  },
  "cta": {
    "icon": {
        "alt": { "value": "{global.colors.secondary.100.dark}", "type": "color" },
        "default": { "value": "{global.colors.alert.info.dark}", "type": "color" }
    },
    "label": { "value": "{global.colors.secondary.100.dark}", "type": "color" },
    "text": {
      "fontWeight": { "value": "{global.fontWeight.semibold}", "type": "fontWeights" },
      "fontSize": { "value": "{global.fontSize.md}", "type": "fontSize" }
    }
  },
  "modal": {
    "icon": { "value": "{global.colors.secondary.100.dark}", "type": "color" },
    "background": { "default": {"value": "{global.colors.primary.100}", "type": "color" }},
    "dropshadow": { "default" : {"value": "{global.shadows.shadow_6}", "type": "shadow" }},
    "borderRadius_topLeft": { "value": "{global.borderRadius.rounded_2xl}", "type": "dimension" },
    "borderRadius_bottomRight": { "value": "{global.borderRadius.none}", "type": "dimension" },
    "borderRadius_bottomLeft": { "value": "{global.borderRadius.none}", "type": "dimension" },
    "borderRadius_topRight": { "value": "{global.borderRadius.rounded_2xl}", "type": "dimension" }
  }
}
